{"cameraMode":{"drawMode":0,"name":"Shaded","section":"Shading Mode"},"sceneLighting":false,"audioPlay":false,"sceneViewState":{"showFog":true,"showMaterialUpdate":true,"showSkybox":false,"showFlares":true,"showImageEffects":true,"showParticleSystems":true},"in2DMode":false,"pivot":{"x":7.8473124504089359,"y":10.577260971069336,"z":-0.23179751634597779},"rotation":{"x":-0.18327949941158296,"y":0.7653645873069763,"z":-0.24838563799858094,"w":-0.5647473931312561},"size":3.0618910789489748,"orthographic":false}