{"cameraMode":{"drawMode":0,"name":"Shaded","section":"Shading Mode"},"sceneLighting":true,"audioPlay":false,"sceneViewState":{"showFog":true,"showMaterialUpdate":true,"showSkybox":true,"showFlares":true,"showImageEffects":true,"showParticleSystems":true},"in2DMode":false,"pivot":{"x":29.375911712646486,"y":-0.0000019073486328125,"z":-14.307762145996094},"rotation":{"x":0.07824353873729706,"y":0.9165640473365784,"z":-0.22168689966201783,"w":0.323501855134964},"size":17.603845596313478,"orthographic":false}