{"cameraMode":{"drawMode":0,"name":"Shaded","section":"Shading Mode"},"sceneLighting":true,"audioPlay":false,"sceneViewState":{"showFog":true,"showMaterialUpdate":true,"showSkybox":true,"showFlares":true,"showImageEffects":true,"showParticleSystems":true},"in2DMode":false,"pivot":{"x":-16.025157928466798,"y":-0.46951377391815188,"z":-26.463972091674806},"rotation":{"x":-0.12300456315279007,"y":-0.6943103671073914,"z":0.12226133793592453,"w":-0.6984803676605225},"size":4.956355094909668,"orthographic":false}