{"cameraMode":{"drawMode":0,"name":"Shaded","section":"Shading Mode"},"sceneLighting":false,"audioPlay":false,"sceneViewState":{"showFog":true,"showMaterialUpdate":true,"showSkybox":false,"showFlares":true,"showImageEffects":true,"showParticleSystems":true},"in2DMode":false,"pivot":{"x":7.8706254959106449,"y":10.54989242553711,"z":-0.24000000953674317},"rotation":{"x":-0.18327949941158296,"y":0.7653645873069763,"z":-0.24838563799858094,"w":-0.5647473931312561},"size":3.961890935897827,"orthographic":false}