{"cameraMode":{"drawMode":0,"name":"Shaded","section":"Shading Mode"},"sceneLighting":true,"audioPlay":false,"sceneViewState":{"showFog":true,"showMaterialUpdate":true,"showSkybox":true,"showFlares":true,"showImageEffects":true,"showParticleSystems":true},"in2DMode":false,"pivot":{"x":289.6637878417969,"y":117.27899169921875,"z":224.27749633789063},"rotation":{"x":-0.009252769872546196,"y":0.9798792004585266,"z":-0.1938508152961731,"w":-0.046774785965681079},"size":5.277027606964111,"orthographic":false}