{"cameraMode":{"drawMode":0,"name":"Shaded","section":"Shading Mode"},"sceneLighting":true,"audioPlay":false,"sceneViewState":{"showFog":true,"showMaterialUpdate":true,"showSkybox":true,"showFlares":true,"showImageEffects":true,"showParticleSystems":true},"in2DMode":false,"pivot":{"x":8.844343185424805,"y":0.742556095123291,"z":0.6036903858184815},"rotation":{"x":0.23039215803146363,"y":0.599164605140686,"z":-0.18554651737213136,"w":0.7439793944358826},"size":3.2541444301605226,"orthographic":false}