{"cameraMode":{"drawMode":0,"name":"Shaded","section":"Shading Mode"},"sceneLighting":true,"audioPlay":false,"sceneViewState":{"showFog":true,"showMaterialUpdate":true,"showSkybox":true,"showFlares":true,"showImageEffects":true,"showParticleSystems":true},"in2DMode":false,"pivot":{"x":-12.64079475402832,"y":55.946075439453128,"z":-13.073657989501954},"rotation":{"x":0.20245373249053956,"y":-0.7362674474716187,"z":0.2504624128341675,"w":0.5951437950134277},"size":48.97475814819336,"orthographic":false}