{"cameraMode":{"drawMode":0,"name":"Shaded","section":"Shading Mode"},"sceneLighting":true,"audioPlay":false,"sceneViewState":{"showFog":true,"showMaterialUpdate":true,"showSkybox":true,"showFlares":true,"showImageEffects":true,"showParticleSystems":true},"in2DMode":false,"pivot":{"x":14.30440902709961,"y":0.015168905258178711,"z":15.191533088684082},"rotation":{"x":0.22951890528202058,"y":0.697662889957428,"z":-0.25451672077178957,"w":0.6291430592536926},"size":2.44966459274292,"orthographic":false}