{"cameraMode":{"drawMode":0,"name":"Shaded","section":"Shading Mode"},"sceneLighting":false,"audioPlay":false,"sceneViewState":{"showFog":true,"showMaterialUpdate":true,"showSkybox":false,"showFlares":true,"showImageEffects":true,"showParticleSystems":true},"in2DMode":false,"pivot":{"x":4.76837158203125e-7,"y":0.8618142008781433,"z":-0.03827614337205887},"rotation":{"x":0.0013269498012959958,"y":-0.9954193234443665,"z":0.0946592390537262,"w":0.014043563045561314},"size":4.126697063446045,"orthographic":false}