{"cameraMode":{"drawMode":0,"name":"Shaded","section":"Shading Mode"},"sceneLighting":false,"audioPlay":false,"sceneViewState":{"showFog":true,"showMaterialUpdate":true,"showSkybox":false,"showFlares":true,"showImageEffects":true,"showParticleSystems":true},"in2DMode":false,"pivot":{"x":0.4305078685283661,"y":-0.15969374775886537,"z":0.11482639610767365},"rotation":{"x":-0.23502638936042787,"y":-0.6129911541938782,"z":0.19791892170906068,"w":-0.7279123067855835},"size":0.9626538157463074,"orthographic":false}