{"cameraMode":{"drawMode":0,"name":"Shaded","section":"Shading Mode"},"sceneLighting":false,"audioPlay":false,"sceneViewState":{"showFog":true,"showMaterialUpdate":true,"showSkybox":false,"showFlares":true,"showImageEffects":true,"showParticleSystems":true},"in2DMode":false,"pivot":{"x":0.0,"y":-1.862645149230957e-9,"z":-0.015050001442432404},"rotation":{"x":0.22951890528202058,"y":0.697662889957428,"z":-0.25451672077178957,"w":0.6291430592536926},"size":0.04966500401496887,"orthographic":false}