{"cameraMode":{"drawMode":0,"name":"Shaded","section":"Shading Mode"},"sceneLighting":true,"audioPlay":false,"sceneViewState":{"showFog":true,"showMaterialUpdate":true,"showSkybox":true,"showFlares":true,"showImageEffects":true,"showParticleSystems":true},"in2DMode":false,"pivot":{"x":5.851882457733154,"y":1.1176552772521973,"z":0.13963699340820313},"rotation":{"x":-0.11375926434993744,"y":-0.07236391305923462,"z":0.008303478360176087,"w":-0.9908447861671448},"size":32.02431869506836,"orthographic":false}