{"cameraMode":{"drawMode":0,"name":"Shaded","section":"Shading Mode"},"sceneLighting":true,"audioPlay":false,"sceneViewState":{"showFog":true,"showMaterialUpdate":true,"showSkybox":true,"showFlares":true,"showImageEffects":true,"showParticleSystems":true},"in2DMode":false,"pivot":{"x":20.217912673950197,"y":4.590523719787598,"z":-20.96114730834961},"rotation":{"x":-0.13804805278778077,"y":0.8286319971084595,"z":-0.23362791538238526,"w":-0.48963668942451479},"size":8.714263916015625,"orthographic":false}