{"cameraMode":{"drawMode":0,"name":"Shaded","section":"Shading Mode"},"sceneLighting":false,"audioPlay":false,"sceneViewState":{"showFog":true,"showMaterialUpdate":true,"showSkybox":false,"showFlares":true,"showImageEffects":true,"showParticleSystems":true},"in2DMode":false,"pivot":{"x":0.9177266359329224,"y":-1.0577418804168702,"z":0.7908832430839539},"rotation":{"x":-0.3099571764469147,"y":-0.32405024766921999,"z":0.11328192055225373,"w":-0.8866285085678101},"size":2.7626535892486574,"orthographic":false}