{"cameraMode":{"drawMode":0,"name":"Shaded","section":"Shading Mode"},"sceneLighting":true,"audioPlay":false,"sceneViewState":{"showFog":true,"showMaterialUpdate":true,"showSkybox":true,"showFlares":true,"showImageEffects":true,"showParticleSystems":true},"in2DMode":false,"pivot":{"x":8.865608215332032,"y":6.730151176452637,"z":-3.6253724098205568},"rotation":{"x":-0.3553837537765503,"y":0.5523751378059387,"z":-0.28045639395713808,"w":-0.6999527812004089},"size":18.429576873779298,"orthographic":false}