{"cameraMode":{"drawMode":0,"name":"Shaded","section":"Shading Mode"},"sceneLighting":false,"audioPlay":false,"sceneViewState":{"showFog":true,"showMaterialUpdate":true,"showSkybox":false,"showFlares":true,"showImageEffects":true,"showParticleSystems":true},"in2DMode":false,"pivot":{"x":-0.5337778329849243,"y":2.329422950744629,"z":-0.4512500762939453},"rotation":{"x":0.0057678064331412319,"y":0.9942259788513184,"z":-0.07801686972379685,"w":0.07350818067789078},"size":12.010217666625977,"orthographic":false}