{"cameraMode":{"drawMode":0,"name":"Shaded","section":"Shading Mode"},"sceneLighting":true,"audioPlay":false,"sceneViewState":{"showFog":true,"showMaterialUpdate":true,"showSkybox":true,"showFlares":true,"showImageEffects":true,"showParticleSystems":true},"in2DMode":false,"pivot":{"x":-22.9905948638916,"y":-199.9267578125,"z":82.10823059082031},"rotation":{"x":-0.5665092468261719,"y":0.20608830451965333,"z":-0.14894653856754304,"w":-0.7838602662086487},"size":344.7044677734375,"orthographic":false}