{"cameraMode":{"drawMode":0,"name":"Shaded","section":"Shading Mode"},"sceneLighting":true,"audioPlay":false,"sceneViewState":{"showFog":true,"showMaterialUpdate":true,"showSkybox":true,"showFlares":true,"showImageEffects":true,"showParticleSystems":true},"in2DMode":false,"pivot":{"x":15.234222412109375,"y":4.826648712158203,"z":-27.78297996520996},"rotation":{"x":-0.009252769872546196,"y":0.9798792004585266,"z":-0.1938508152961731,"w":-0.046774785965681079},"size":4.198233604431152,"orthographic":false}