{"cameraMode":{"drawMode":0,"name":"Shaded","section":"Shading Mode"},"sceneLighting":false,"audioPlay":false,"sceneViewState":{"showFog":true,"showMaterialUpdate":true,"showSkybox":false,"showFlares":true,"showImageEffects":true,"showParticleSystems":true},"in2DMode":false,"pivot":{"x":16.08614158630371,"y":5.597915172576904,"z":-8.441021919250489},"rotation":{"x":0.0019159492803737522,"y":0.9975442886352539,"z":-0.030244112014770509,"w":0.0632297545671463},"size":7.554272651672363,"orthographic":false}