{"cameraMode":{"drawMode":0,"name":"Shaded","section":"Shading Mode"},"sceneLighting":true,"audioPlay":false,"sceneViewState":{"showFog":true,"showMaterialUpdate":true,"showSkybox":true,"showFlares":true,"showImageEffects":true,"showParticleSystems":true},"in2DMode":false,"pivot":{"x":7.804923057556152,"y":10.54989242553711,"z":-0.24000000953674317},"rotation":{"x":-0.08275574445724487,"y":0.7412291169166565,"z":-0.09299604594707489,"w":-0.6596093773841858},"size":3.777021646499634,"orthographic":false}