{"cameraMode":{"drawMode":0,"name":"Shaded","section":"Shading Mode"},"sceneLighting":true,"audioPlay":false,"sceneViewState":{"showFog":true,"showMaterialUpdate":true,"showSkybox":true,"showFlares":true,"showImageEffects":true,"showParticleSystems":true},"in2DMode":false,"pivot":{"x":13.958717346191407,"y":7.98734712600708,"z":-8.393226623535157},"rotation":{"x":0.029087858274579049,"y":0.7824704647064209,"z":-0.03665310516953468,"w":0.6209359169006348},"size":41.91748046875,"orthographic":false}