{"cameraMode":{"drawMode":0,"name":"Shaded","section":"Shading Mode"},"sceneLighting":false,"audioPlay":false,"sceneViewState":{"showFog":true,"showMaterialUpdate":true,"showSkybox":false,"showFlares":true,"showImageEffects":true,"showParticleSystems":true},"in2DMode":false,"pivot":{"x":14.438237190246582,"y":3.20196533203125,"z":-4.843461036682129},"rotation":{"x":-0.18327949941158296,"y":0.7653645873069763,"z":-0.24838563799858094,"w":-0.5647473931312561},"size":6.441659927368164,"orthographic":false}