{"cameraMode":{"drawMode":0,"name":"Shaded","section":"Shading Mode"},"sceneLighting":true,"audioPlay":false,"sceneViewState":{"showFog":true,"showMaterialUpdate":true,"showSkybox":true,"showFlares":true,"showImageEffects":true,"showParticleSystems":true},"in2DMode":false,"pivot":{"x":-1.6253304481506348,"y":2.6031627655029299,"z":2.289029121398926},"rotation":{"x":-0.010551081039011479,"y":0.9873117804527283,"z":-0.07449499517679215,"w":-0.1398378610610962},"size":10.0,"orthographic":false}