{"cameraMode":{"drawMode":0,"name":"Shaded","section":"Shading Mode"},"sceneLighting":true,"audioPlay":false,"sceneViewState":{"showFog":true,"showMaterialUpdate":true,"showSkybox":true,"showFlares":true,"showImageEffects":true,"showParticleSystems":true},"in2DMode":false,"pivot":{"x":7.369777202606201,"y":0.34532690048217776,"z":-6.494968414306641},"rotation":{"x":-0.19282425940036775,"y":-0.5818696022033691,"z":0.14443162083625794,"w":-0.7767919301986694},"size":14.331466674804688,"orthographic":false}