{"cameraMode":{"drawMode":0,"name":"Shaded","section":"Shading Mode"},"sceneLighting":false,"audioPlay":false,"sceneViewState":{"showFog":true,"showMaterialUpdate":true,"showSkybox":false,"showFlares":true,"showImageEffects":true,"showParticleSystems":true},"in2DMode":false,"pivot":{"x":-0.4787137508392334,"y":-0.705994725227356,"z":0.537132978439331},"rotation":{"x":-0.35514000058174136,"y":-0.31524333357810976,"z":0.12858764827251435,"w":-0.870621919631958},"size":4.24523401260376,"orthographic":false}