{"cameraMode":{"drawMode":0,"name":"Shaded","section":"Shading Mode"},"sceneLighting":true,"audioPlay":false,"sceneViewState":{"showFog":true,"showMaterialUpdate":true,"showSkybox":true,"showFlares":true,"showImageEffects":true,"showParticleSystems":true},"in2DMode":false,"pivot":{"x":8.59289836883545,"y":9.811769485473633,"z":0.49734997749328616},"rotation":{"x":0.07824353873729706,"y":0.9165640473365784,"z":-0.22168689966201783,"w":0.323501855134964},"size":3.4770216941833498,"orthographic":false}